timestamp,symbol,bias,score,action,live_read,exit_score,exit_label,chase_risk,headline,next_step,reason,dedupe_key
2026-07-24 01:47 PM ET,XLE,Bearish,19,Wait,New read,60,Weakness building,Waiting,XLE Wait - New read,"Conditions are developing, but the entry trigger has not formed yet.",Exit score moved into caution territory: Weakness building.,XLE|Bearish|Wait|New read|60|Waiting
2026-07-24 01:47 PM ET,DOW,Bullish,55,Avoid chasing,New read,100,Reversal risk high,High,DOW Avoid chasing - New read,Do not chase past $29.86. Wait for a reset or a new setup.,Bullish setup is extended at $29.90.,DOW|Bullish|Avoid chasing|New read|100|High
2026-07-24 01:47 PM ET,HYG,Bullish,19,Wait,New read,60,Weakness building,Waiting,HYG Wait - New read,"Conditions are developing, but the entry trigger has not formed yet.",Exit score moved into caution territory: Weakness building.,HYG|Bullish|Wait|New read|60|Waiting
2026-07-27 11:36 AM ET,GOOG,Bullish,25,Wait,New read,60,Weakness building,Waiting,GOOG Wait - New read,"Conditions are developing, but the entry trigger has not formed yet.",Exit score moved into caution territory: Weakness building.,GOOG|Bullish|Wait|New read|60|Waiting
2026-07-28 11:11 AM ET,IEF,Bullish,57,Wait,New read,37,Some caution,High,IEF Wait - New read,"Conditions are developing, but the entry trigger has not formed yet.",Price is 1.12 ATR beyond the preferred trigger.,IEF|Bullish|Wait|New read|37|High
2026-07-28 02:04 PM ET,ABBV,Bullish,81,Avoid chasing,New read,90,Reversal risk high,High,ABBV Avoid chasing - New read,Do not chase past $266.02. Wait for a reset or a new setup.,Bullish setup is extended at $266.25.,ABBV|Bullish|Avoid chasing|New read|90|High
2026-07-28 02:04 PM ET,BMY,Bullish,59,Wait,New read,35,Some caution,High,BMY Wait - New read,"Conditions are developing, but the entry trigger has not formed yet.",Price is 0.96 ATR beyond the preferred trigger.,BMY|Bullish|Wait|New read|35|High
2026-07-28 02:04 PM ET,DKNG,Bearish,48,Avoid chasing,New read,100,Reversal risk high,High,DKNG Avoid chasing - New read,Do not chase past $24.32. Wait for a reset or a new setup.,Bearish setup is extended at $24.30.,DKNG|Bearish|Avoid chasing|New read|100|High
2026-07-28 02:04 PM ET,CSCO,Bearish,62,Avoid chasing,New read,100,Reversal risk high,Moderate,CSCO Avoid chasing - New read,Do not chase past $115.66. Wait for a reset or a new setup.,Bearish setup is extended at $115.60.,CSCO|Bearish|Avoid chasing|New read|100|Moderate
